Average_annual_growth_rate,Guangzhou,Shenzhen,Foshan,Jieyang
Newborn_birth_rate,-6.63514507,6.241814658,-1.080112045,-3.973434201
Aging_rate,-11.99963032,-17.67894143,-12.67920274,-1.610906487
